<?xml version="1.0" encoding="UTF-8"?>
<jcr:root xmlns:jcr="http://www.jcp.org/jcr/1.0" xmlns:nt="http://www.jcp.org/jcr/nt/1.0" xmlns:cq="http://www.day.com/jcr/cq/1.0" xmlns:sling="http://sling.apache.org/jcr/sling/1.0"
    jcr:primaryType="cq:Page">
    <jcr:content/>
    <Footer/>
    <pruili-sidenav/>
    <ili-header/>
    <Hero-sm/>
    <My-preferences/>
    <Cards/>
    <Whats-New/>
    <promo-breaker/>
    <Forms_x0020_Template_x0020_CF
        jcr:primaryType="nt:unstructured"
        sling:resourceType="graphql/persistent/query">
        <jcr:content
            jcr:data="{Binary}\0"
            jcr:lastModified="{Date}2023-05-24T17:32:07.828+05:30"
            jcr:mimeType="text/html"
            jcr:primaryType="nt:unstructured"
            sling:resourceType="graphql/persistent/query/content"/>
    </Forms_x0020_Template_x0020_CF>
    <ImageTextCTA/>
    <Template_x0020_1_x0020_CF/>
    <News_x0020__x0026__x0020_Product_x0020_Announcement_x0020_CF/>
</jcr:root>
